"user1","0e7e7e3bad831f0f303289d6f1fd9cc8b2cb268396e9a133f7beb35415caef89;=W6#+Op8sy{C","CJq@D!sQ3#BV"
"user2","2cd7d308d4ab078fc854411279f762ac1dd02b93938a195a2b98689c8a65c6c3;KkwBUA|F@~&d","KA3vZ{PcU]Iq"
"user3","bc42114e484a775ff4ac65ce01147dbceec99db88e0df0a3f39a470ccd0fe46c;Z`)]-XT##6K(","y#qaojl7-q$#"
"user4","2da48ce37c9c2561eb0992bf6db593adbe215a33099909a990c76bb7a29cfff0;xNCo!jWjxQWv","t%Uuzh{&uZlz"
"user5","8f9bc8bfb6f8e6b97c4bef50da39080db956a66543efca5b7f5f1c9d9c2520d0;w1Nsb[+]5V}u","R@|8(VxJ180v"
"user6","7e72c3b3f3dca26c4c0e0c1f023dc987e53a18bfe8a56376a0f0c40222917f46;u)gDBpEaY7ZV","RScnvQ^N$(r@"
"user7","ffca71543bac4ff51763f4ba18df6fe296e926513e56a3031c60935cbcd01b62;ncd$+weP!6-5","!xbA5XoiL-nI"
"user8","ab42fd07a16eccdc6d9b0ddb13f071653374fdb6f7570d7d054ffa571e59c50d;xG-_~7_*10Ig","I+GWlX{KDORb"
"user9","ec67794ff69f53e0065d5405b618f691777ccc7841fe47c495dbe3edb72f86cc;kE2ZDs#@0uFy","M|)^UXEIBTZ+"
"user10","f39b54f0ea2d128615e7be6293467761ca77543121aab72567fa08ef3a71e58a;N78BjCcWdAYk","%lEmt^5Xwu2z"
"user11","a92f9fa0366d530889bab0e39a208b24020f5328327ec42674e47da169df0ba1;g1#[RtmYl[vh","6g[Xd7t2Btzy"
"user12","df22b6f11d542fb295a24cdd187c96d66115a8eae25363b5af08f663d4b15ab7;yTYl@zI|WEZD","m^JqdN`ZeA9Y"
"user13","4be881c07b1f66de1fa65a3fd3366239d529eac3867318761961c8e0cbb2c6ef;OK~4CFe~{@aJ","n+Ue\S9&T-yI"
"user14","126f92122f10195d3a5d1d77b32dba42d8b79c5c1304d072b033b4f214199666;1KWmx18#HThF","#!pCjX^lJ}^)"
"user15","8ac5eaf14fcc9bb57c2c89b26f559f725878634b473466721d808fd91160bb40;[gYwIAD6QU[%","%P8_1egtQ*8m"
"user16","0f1e89fb644341c07742ab6a8d5196108151a40cf760909a9d6bacb0d6e31a3b;[D6P(mrbBM({","3^MJo{U@s7v{"
"user17","b3d497fbde53b32d533ca7c3c46d90bbc79d0dbf437713ebef2ddcb7c86c732b;8^MV-G{G!z^!","SWgR|YH}*U0o"
"user18","3b4a6336daf75933a676bc9cb6ff66f352613e7a12e188d369f59669fc85c920;zDs@IJ](4n-}","=C-*{G#f7g9D"
"user19","8b672a4cb8775b0f3a7963fd901dce6bec5533c1d05ceb271b27c35668e891a0;A=UC#44TxB]!","x{ngAe|5]2FK"
"user20","7675c178ab3425dae61c837e169b3f9a6dcb09624de8f97698cd7d5260799c7c;cG{KQ6GGnH|R","~8(%r#cha6k8"
"user21","7bd88f2ca239fdf0e3ab94246f50458406be52becc035f682c06ffcabca983a2;Tp}N_8`lUekA","k7h[Pq_+hscm"
"user22","dbfb11c3b40db4abd323744cf15d778fa3f779086e128e6c834667d5d747b828;_zQpp$(!@T+k","Pjo!-GSCKOal"
"user23","49d88a95e64c57b16af6ee1694485d020fe05dbce22390a63a5ed01edd158da1;@lBNF_YOc[sT","#[b=n$JUx@WL"
"user24","0f17933a366701c6a4ce3906840d0723b7e029666ef66d883e7b4279ef5b1694;2WmsAd{|4*O!",")\U4*UotXD{Q"
"user25","80b2c974a4c8445dd8b5e25bcab5fb77165157aa7608958ea8a14e3685c11969;P-iM706o2%Sd","#{Hf4R21+o+N"
"user26","b840f14cfd579c0a3092e1a94c26469ed80bd808874ef0549986ece8f8adf0c7;{I#]0g+rt(%g","Z9fn^n^=s9Wq"
"user27","b425ef08e20007a15cb3787e53963a292083846feb3b050e9523c9d3e4108878;_rWI0AvHod0o","Y[#)+NKjaOi\"
"user28","c6dfd4c32ffb5311ef439db80d2d8bcd8385effe1f544f735f33d6c0683ac470;7EPq~#y8R\Ld","H^UJwEU$+g\~"
"user29","874fb49853f665900a524935047e38cd3c8d4a20ac8ead0cbaba039142ca7489;#21IdB{xHu[L","s$ug\zn[92{q"
"user30","24578f01b2436dd6a405e50f537e29a946694b161010c5a2524f5b2c591b8168;1kEKBWPPDA^*","a%`uO~Wqq{T4"
"user31","09c986926c2ffb00a6fb54de93c95aeb125634c13e54faf4fe1d0468fcc0a1a8;E|r95JXLYhVi","g`MZR4$E^A`A"
"user32","8559813fd8b045f787f1b9e5b0869d24cc9aea8ad54c9364e0cd9649a10675e8;SdIX[1Zg{FH2","K2ALi26]|)s-"
"user33","78914ecec1844a79cd99da53779811f0ee3a9d731aea56b5a86b30622aa965ad;)5Bu@3*oAcwU","qe!G1}WSz1VL"
"user34","07b7ac7a64c90945e4e64eb19fdd55686b4a78a07e8f61bd87a6cc9cb1d56d5f;aIw\av{Vz(#3","asFbl}Te1]7o"
"user35","dc0d35931de7e786ab0cc692e128d06ca82bbc542b9d99b4781557a6819a15bf;TDF92hAzu$I|","OhySmbHhivog"
"user36","ecf3f0ff8aaf8ae4c0c1375a698494f297e9def7a63d1e61c21da3e20e8e8e42;LG\vy_ahCA||","+`gnOsu=gzRw"
"user37","d64156d2399354f8b0860fefedfb7ac401d55d8aebb8ecd340e8ea6778d80d9f;2Pt%xLqhNQyj","2^`[P2VgyMlD"
"user38","369e52f5b83eb2837bc63d7ed686729ec5a72383339980512c86b804ce0f4f43;9jH`GC6(&3aN","})AHIHJ^-k&9"
"user39","abf43de50dd35f55e9c0007798b9a80fb1d1f04e4f4d2e448425103638f66d47;O8PESaR6bWh&","Hw6U91LOTPc%"
"user40","6f5e7c681bd2529cab889984b38c81c07bdf6706af63f54ea978e67637435359;#q%x[#^IB@mB","D=%XVHsq43rs"
"user41","a487141b1584563b0bdd82a9371db174fb1ce622833b11cd7a95a7e58684f638;{}LSgv48~uF%","T@*h}81o{W$h"
"user42","68b1c52dbea4db567bab4a8dff3391f709c128d29c1106c0f06577a8850dba4b;(w=&W6+PtBMi","%+H%RLh%r]o1"
"user43","9b892317d2f944827db5c4fcf13fccb4b2ef9ad9a97546a4417200a460e62b44;*^=(9MMFxRlE","#n%%Co19y`xU"
"user44","92fd6ece5f7c6809df457588a08a0d8fce6eb2dd5222fa0d900f6a6f80050a37;0\p]Wh6=6-]I","UnM+*VK)KRtk"
"user45","f9bbd5749eafa65f2c8d6ba4c6562d161e107fe334af72c1b32c177683379212;9}T2$ju`dPjW","}!`Qv{~0Stu1"
"user46","a66bd952c16dcbd2affe398f12bf6209245ae77e6dbcf9ec773a49072bf71094;tgPb4ad|LM2I","EV0kHf`y=-Px"
"user47","3e8e953d614bad5815e8c2d5a60f35f64bc39531359e79660294833e7369826b;seOrkmO{1R8l","|X38V|SY+9ik"
"user48","7c29d55e245809b61622b7acfd5e4419f9b964ba4fa1659146b34b3d7b4765ad;l0mwwOZh(d~`","qhAU)c_m{WN0"
"user49","fa0931db7c772174c845383f43afd039d0509a85e2be84130729622c4e5c004c;706}PUv[5S-n","SdFEt[iSnbkW"
"user50","8b141e856c0fd5052d9f793b87ab3536e030d386b9dfeb16258ba6714a0ac546;tN{m&$I0sbG%","kw=z}M37e*oW"
"user51","ba7c8d479b85d460d7e07131fc2d72ad38da8aea78214efa53df5502779ce931;Kra1lgOzoSO-","A#L1=sW#TM^q"
"user52","2b216d5e999a8de2ec061b0760fdd1c62e5720662586eedf4a25d77198921010;e8fy]+xS8g`~","U~Oi(i~A*~RB"
"user53","fb8ac85439959b6b282f44e26b820d440cd87a5ad3f7fb10f6bc1eced3487ab8;^Je|+Wl*0^6+","=S`T&BOg_Ezx"
"user54","cb5e4e50299f4f2faaf71b41a5de38c54f71de7829aebb73842dc9f7f5e68911;14+L9Y~6b(q#","C2hOjM#3cc`X"
"user55","0dd357508b9706edbd0e4d040f1160c2c5246eaf868586e18f6527def364c359;MfD_j9G-26KX","fe~F=cZtGku6"
"user56","af5db2c6213dcded2d11a40d819a6ba078b2f8070d90c730cf1bfd870b67e06c;mPPo]d\|XL`5","2`)P)VcIW*n6"
"user57","2d57e49a47810022054ba289fe724785c36506fac78cfd6721aca5b649375f4c;ir!~Wd1%V=V9","N]h#6wI$+8ll"
"user58","c1d7e0b7f1c164b92b2f7155a579120baf6b52f362d4aef917bb16a382c87020;2D#b`tO!1xua","dsu=ajJcUd7!"
"user59","84b65cce581e0cbf3afb7bbc3c9b726d12b93830763752730e50a81b4a8dabda;Q5Q}$bjjJ\u~","-o2FnZEjnUnK"
"user60","a06e0e217e927cd01c0de71734398dbbd8ff60f3551e2b908e469e2c14c14cf4;{Bd4ney-}r&=","OBF|+[vjksML"
"user61","d7534a7e17a218bd4c778575bb7e56ac8da068e41eb7d5ae39a4814042a600f7;R}h[q09%rR~-","|Hw=SL80a!4D"
"user62","3f38bc266e14f06db4b63d2e5824c24703597119d9a7fc29f7781e86b19a82bf;B)A$s-Yaoc(]","n80(O@+c90P4"
"user63","e9bad8f09e3d3cece419b22f67dea5570bb3ecb9d771fc5e0f7e3501609aefac;#q1N8{a~T=YO","=$tZX@!aM15Q"
"user64","4706a5f2cb5509866f4e31634fbb19fd4088fd829ea6e4f14d36e3b251d4a2da;D&^VY!VR)$!2","babj^J3VUpB)"
"user65","f4aee693373d8b44d6911a63dd922103a422949fccde10dbca631a8eeff6c98b;xmNHH`xofIHG","5-%NSGyfERZ-"
"user66","2f422bc73d37f2c912577a8c0cc79b991548bfe71e5fa53cdaba47d4b0e88ab4;@Rl]|ql_6uDp","cR|Ze=LFKHI+"
"user67","1b72229f8eccb6ab126d75d76f03ba3d341b82dd1b6e8f3fcac87d60ee80762b;Wp{YtW86~Cah","X(!g8Rdt7F-("
"user68","093f3ba649409b5d40cc1cbbb0a0b1deaef9f9099ba6794d8912785cac85ca43;moJ\ou1`$3p`","d%]gKlLei4dg"
"user69","77e32fb1528111e909d1bdb6b7578cdc643a7377d6419db487d58974fa5a4268;5SFx^U\C429w","6Mk6Tx2P2kRb"
"user70","09bc2da2a0e40e3e6d5dbc2620a42d99dd68eb362ee90bfc96ab8cdb06311236;~Sp)|UFs_Wq2","|(5XTb|Ch$KD"
"user71","c299ef9a01b7c820618c9413ff879878ea28ad50aeef3f50915ab09d888e045e;&={%0^Ge76an","7d}C5wJ-RwXF"
"user72","6e03002040aa6a7ed865668a867a299f3d77613a33bc5b2c22a24ceb7d926de2;^Hm_VV1t=1sC","s#\1bK2Qwgm+"
"user73","463724470ec90f7956f4fc6f8b7e874edff3b5aa6deca2a1a407910aab58f92b;8tU]FH&16bp*","ZnnuLnA73Shb"
"user74","ff6acf60404137640304e88369f33e38600c8303d0d7d9ca6cd77461717790a3;lYeMyyNbDs!$","K$*ZK1-fD3l\"
"user75","75d264be973b13b1602adf9ad11c93f359111bd7514d75ad3706aa6260f36aba;|iAf|lx}}na(","kX1WNlB9y@VN"
"user76","e5afd1b20c1c9e6446349ad63fa5118bb4aa57e660d402516843f192e2d02a5a;LJ%)%m]Cetr}","8NPv7qL\5r)@"
"user77","4c8e33e2d7454dfc000060c904cd615473f5b4bfd734d5c1ac882ea336f4e50c;bcXDEBd!$7qx","xpOe-[BpajHP"
"user78","3e01644f8d38706a34ae45f603731fd4c8861a659130b5a24e63ee5f64ccd692;cK[fXz-DiK-#","]8FgVkTPfkY}"
"user79","863a39508f209522adfb32b754d4f15c59f0e44bce51d2d1b04e29ebdc54cea5;29VEP_W|TmcV","t&=mCsc&D90T"
"user80","6b689290601c70e8684464c7a181fb964e42c0dfc67be70213e20f7fc5afa963;FtB*++L%z!33","VgDM]W]ibo#$"
"user81","883e34d7bf3955c98ed5f3d1b213aa84519094590eccebcc3e1dc021dbe9a54e;2R)gJ{9sUuMd","XEV[yl~qy(*w"
"user82","985c934027a2b5f9b5ad0d7ecea151823c107b8df379751f4e6e93f88413a3cb;+ASOvZJQ@])C","K~$S@PR3EQ%c"
"user83","b5e84dd7354edcd5980a03072eb2a9c977cd5f070e79fd468f7337b70dac04e1;Lp0)xDMa\eM_","pQoE83|g6d!9"
"user84","65b61ccc5f9eb2cfb675f17cad057ed83dde8b02e72b1d9c62c13bdcf10d1d16;pmh#hhk1Un\j","!Xs{MSqS-Z3T"
"user85","85d4ebe7e305179a8228a4ffba7208d763599bb84919027bdee49dacd5fa40a9;yF)+sH{ep_m5","(Rzm7STnEZ#x"
"user86","d91f444e229304974b6ef50ff5727ae0e82bf377dd5b1c644c0eab3ace359c4b;1Ftuc0iV|8x#","P(L$r]BD8@m*"
"user87","370570bf10630294dd2e82edec1b53ea798541d23cfbbd8b0715b7c062ceb84b;]@viQgZAu&VL","^X@R7cJSyMrN"
"user88","4fc5c757b3b76da140a24e27f269f15b11d69ee54d2b98f5ae40026cb74d320b;WXxQQ&&=G=Xa","ShYulImjHdxl"
"user89","8deb5586e9547d13498f45dfe841344892be8a6264dc8bb9416e527a495ee1c2;ip$&V=Xo2nr_","y[0%rM{wpsYt"
"user90","07b1cce04a045e080d989e4cedf08216f45d13a91f8fb2b7f965005dc643d1d3;F-U3d_Rb[t|U","d9Co~q-`TJm4"
"user91","3fb179a02c7c9e705e0adba349b758235c6fb931bccaf674a0392e0ad0523740;6qDC}Mzx+UY^","ffQq3)C\nXz5"
"user92","facb978160f760445ab0923c603e8e3d485441da3b53c508281db2cdd4883994;k(tGC9&4wh^[","U0Oda)WeJSo9"
"user93","834a84a6358b3cc125ee7adae3443c5b1ae803e088a825e66a91709f9a0b8229;w[D2dHlxT)z3","{BRXgxFObxBK"
"user94","d0feb97e7f02ecc0de93d8a328b2da93a86f31867d2e1a4b6629066805b71805;lKdsYLrp_^8#","6b~(+HXqo1\u"
"user95","ce3499f04c8ff513bf0dd9b5ac8624cef9ce343bdee6d1dec77435d234dedc8e;2|)n3rqi)`dD","qNGEUG@e@*lN"
"user96","0b6fb3a93ab54dfd709f6d3d4358a348e6348607c48e20819b9c6a57f13a378d;kaR!~GJM^QoC","uLSre`ZkTC\k"
"user97","4708234a08206e359cef8649b24a8c3019e2ebc6a8960e2b4db9573ec1515d51;@iHVMqBuc)x2","_ccd`n~~)2@h"
"user98","bc6a4806d7260f83ad037a5941c0ec62444e7e6b7213c182ba3dfadeb8d52b8a;UtCaQ~%A!uR$","bve%PK*}N0P%"
"user99","2be5796991452986e19f7de51db48303f0d09799a3f8df954577a02ce2122e84;upxQsrx*m*ny","Hp7I7ksBFpAF"
"user100","699e91c8e93e3f28c96c0d33ffb07d050e5bd931e63f1559c093496bd1fd5efd;Y^&+ok]cpNeI","`%rr$p2joy\j"
"user101","2546b0a48ddf8f95e82883195401a6887db120f50e128159dc0e45d528ae0885;7&hsIVm8w%K%","ete%$w%9_\fR"
"user102","7d785dec54af27cf808478dd3831a4bad0773e4cdc0cb171af4c94ade1fe2afc;^fo2^|B\r$AH","1*1h~{kV`|a1"
"user103","a5cc201a2e60257a0c0da9b69203d22088efb4662ca99285d052a33742fc5a43;Z#VB@pt7WK~M","rbNBT4h#5lU2"
"user104","859eddee31f38583c4f01aae0b6a079d62842f258d9718804dc9c2c02f59c263;A8XAO(NJQ9gh","#[m)|y)@g4\J"
"user105","f8d0b9d2b8ad537d0f0eb9040366094c27710264c3d9876cc7d7aa387dcea534;3)=Nm*nW3{@V","L2S-]V#N@X|5"
"user106","a03fdb500cf8afe71b2d199b4d59d41678ab7ead859ffd59fc6b444286883e0b;#MS%Iijr|)R6","EG3t\*==@UMD"
"user107","9c0a4165e835c989ac4694f87e6e4bb9f683fe01c36163c4bbf960aa2bdd4f7a;)U~Y9$Y3\abA","@`SuWV-f0}RQ"
"user108","bda648b517bf166de91e5bf4d50842e1eccda605befc0e3b5ff281ab931cc9c6;w8VC`pzKfI\s","0sdeaSo-a-&K"
"user109","b37416805a8299d3094388f5f6f7d5c3472b078591f80ce607670ecd3d252bf7;Tjl0aYU$Yewa","xNAkVL_16\va"
"user110","ab27b2ba43f2ebf46fe86d3701110f0ea299d768465385f23589c2b9ff08afd9;]O@(P^SkaVz%","w_5{-+7!#pi)"
"user111","39bf893b821b8d14e4f504add06a1f64deda2738b457fa9d1f3fcbaffbfa0f9b;-F0mq\5YT^c~","8u9v1wUra4SW"
"user112","79248be024df51932a1a90484516dad3f240f207b40eea503c4d4824e8a05a22;muy[o9nMf1m8","{{dEi~+5M#hA"
"user113","2a69711d922b02e98197a83acfb832a6b95696c4ba3e5f35d40a5aad0fc6d0cc;_@53v@7=[A*#","61uJaMJn6ktq"
"user114","4203dc84391f90bfd3c056fc64522473ed206495fd2381e285925b948b6018e6;I~=LeW7)8#4O","[0NyWP985}A0"
"user115","50af2157d9bdfc8a166ec52a430982cbd2f183ce146c1153319f1f2b71c4aeb4;D#\)Rt[hH2I@","y*VQ@S+bgrOW"
"user116","1c76126dc210a74c2a4cc6301335683f1e9d9487ac7672ce2386f4d7285a8366;GJOQy3K=G]\I","D5=W53=xw6TL"
"user117","d3f0a8d6f51f3404ac8527eb98d56c4b18d47041bd4bf3b67a427e9993849aa4;-At7`U))~{=5","-n$fEb(ZyAyG"
"user118","842254bf8195d65d996abd6541be09cab2d5ad8e559b66fa3a893268587c391f;)Am7R2T(}8tM","FK3gx${I}J#t"
"user119","914e606726d7d8f8deb0f65e8b1fdc97da5ae8bc9e6bc5db9f36a105afebf90f;(Q#`#!aK8I08","-cUer99={`ul"
"user120","22eb0d84327824a37c856414cba7b4c479d0d079f8fe45254d9bece020c4d152;wX)&fa_jG6K#","QL%C]{IfchB#"
"user121","f6bd6638fe5a97c49eccb9fd33f031dad0075401dc12feb19a78d978aa459042;8#&zSQ#|2N!\","7#RYVYev5![b"
"user122","3bb608fa6e348cfa5d8af1c836ae70bf6d4b91b8b5aa5d25d115a7a88537ce6f;~vZ~v%kg~5VM","XuzQ[EdtWXHd"
"user123","d481276961f5b814e32973170cb056479ba75af589dae668cb908ec0cf724f19;j=(K!~vFoZxc","#HW3MQM|`Qv="
"user124","06c4c73b4c5fc78f816bc35e4d500f23a7bef1be126d711f80564c1c1359d807;VbJ=HJT)(C6{","J11q&Zs7g^zF"
"user125","7770dee5680e7c316a103c609da004d267853712a3b621d54b9ab8285c0e4f1d;Ol8msYwo@8}\","eGX*L=Ex-fdH"
"user126","7d01ada4346e022e80adfd20caf86ab44a951e555612f2e4ada1ad3e1d0b2d56;j%33h*_A]3!i","VgY^v#Ok3JBG"
"user127","1ab7690e30de59eceb9a31bab9e0b5589594ff66fdba5eaac29bcc9098b96b07;wK]Y%kd-yOV%","BH{~nv|K*tWx"
"user128","1910b583024c3bc352b216532e937dcefbf26f44c09afe78ae840bbfd13a9477;^4Ea=%9h%VH*","S)Ap$HeE#QqR"
"user129","1abb2ad7568f8b0afb9016ec58f1084bedc52727b055e2949667765759423e3d;k`ImK*x&02Y0","h0@|&xP}7]!&"
"user130","cf7699f4e91b8c67201e59633c7803bb05b2318dca131a528ccba4674d2136ff;7aA%2UNFqgn3","\w{{KJ#&JD6~"
"user131","c4249cfafaa8c992a561c593ab655fa5c71dfd445c28777629aa38a455406a30;MVjoTd%~&KsK","A^Oz_=@|PCR$"
"user132","99baed8c6e9ef8d666ef917b2550f4e15471bf61414743f923623c5787cabb91;[^Q1DD68&&~}","uvuI^XnjXZ]5"
"user133","146995d154e90acb74b5b2696eb5255f21a65c11c2b6ade13b8e2954cfd18735;F]@\Nv9QP$nZ","&dQR2V[&j}K)"
"user134","3f3c80267dcd00cdc7f50d7d456f0620839587a68a428306b95c157901da442e;[v%q+fE6*N@I","LXJIr&@92Y#H"
"user135","66b4aee93429e944dbb8a765633977c8de7f29ac63e430b18b005702d6a9f25a;al_rEkZmnxc*","l7Q(9Hk!}Fx&"
"user136","a565705f7ff25113567c483cd1643ee565feb258eff4e4cfcb760cdfc401c8c1;s|_Hs_+^z+nb","RUv08(l)a}gf"
"user137","2c89e0b0091b4e36b59eebdbf4c0ab32a9aeb10c691d02eff86a1dc5d35a2eac;ZQQAL=ebyb1i","7_%&km+E4_s7"
"user138","de7d4f5c5a3b959b1e39c6286d9c2f5b6ca5521194248322d30f827410b7205a;%J75=)HPYs]i","$0)k38PEmo`j"
"user139","b59c4189000244b7fe335c4201fb0838248264b5c97af4a4e9d1ae3c868913fb;o$AGk(xLbW]+","$4t6@&T8)AB%"
"user140","e926d3d544488afb2c71e0a4c8ddf0fb1ef6edba0cc08ba3de03bda31af1b953;r8WQ1qK^q]q|","#_Dl%E%eO83i"
"user141","f3eed6567eab14850d6c323cd161860b0b5d679f1e352c7dfa7987298c224723;2f(9+HM{rm{]","!X^v%\FGK&~n"
"user142","6b3d2b40003745891cdec0502f444b28589695744cf7714622ea498cc02a30da;97yNI-0$qo^B","X-X6r4mA0%7("
"user143","56e628df6818236d1ff3078cda065b8adc6831e5674287055018a5fae831f77a;+li3RWzhP8VP","bq3QM}4K\P_*"
"user144","6078a77813c52a1b63658e7b2b17ea67cf8d7abf4a17589b664478f2ac56974a;[SEeLV5@Xmx|","I(23-c5f6+5["
"user145","9799a28643855a3c8e6c4e0b37ebfdab500f53ddb677141fcf7dbd9467c1ad2f;Dxsaa+U1-j*E","|0sh=3seJBHo"
"user146","d9d58237218decae1601badd08863d94f51b75b13a5b2b1e39d861b26336ebe6;{EfMMyl)p0N6","2P]QaxkLWv1D"
"user147","412221bed92de975d33c72d38aa1f2bfc1aff82de36ac98af0405402a7770551;Z`#~8%wQkWt}","1io[e=g#T[T4"
"user148","196835b81b40d918f33fbaf2bafcda4d1f30fed01d5f1c92d4be5e132abbbf16;5E$srlhU++8r","^Px0C4KmN1!M"
"user149","d9d1ac716e1c0a2be0ec150c3f8b20d26e671c8abe57c31883087d500c783ec9;LbJsVCspQ|_p","bcjkPJ@Xb}*{"
"user150","5bcef78e471e79143a43c684391e06920f74e5b6ec1fdfff4bda669c7bcbd371;4)WmoO\3T9Og","E29c|VR*kmzg"
"user151","44d42e6935b1e488a39c3c2174c169a223411e3705623d3bf7dd7553f197505a;BG[BjJ&A)CY|","Nc9+ZPV(Ol*C"
"user152","1d6981f215cea0c2d031bcea2b33525123f06939721ef5c3fa24b0630633b3b5;6q$0&vf-7^BX","XH0auba][V76"
"user153","469336715c5c8fd93033392f5905e249f619678818543ea270e4768aadb42135;ZpV)f[b2l+C5","%y2%J3A%(RyG"
"user154","90ebc570472ac5f186d84ac22fbdcf6cacec64e8bb03cf6767ba093e1a9f4c0e;{[u%tc7aj^1R","@OP`7n5]Z+RH"
"user155","28170320a25f64d4f6b81d2abc6a3f6e981d6dc304171b7a4e3da5af718c8d2b;Lhic*j*@Ju|d","M-4&$1haN)Gm"
"user156","1ee9ad95f5bb76965e9ea2c83b4ccaa4c71ce3b5fb213642e740be6bf322c41a;+$)Dh1s})Vt#","=yesw\MzMvNH"
"user157","67769ad2cc2ee97abdd7d5ff05f7ae906e67ed4cea30c33e8aa5e38f8ada1929;)VGVR=atZ]Ei","3~0Q!Wml0|I4"
"user158","366e0d8068d6944388e6d248425c2e212d56cfb82faf84fbc460bdeacebac217;&MKO8{FF\qop","Wr0l0]c7MN5)"
"user159","877204d569b88ba3f640dcefd57b4e944940676b93e2d8e1109ee1931c706afa;vc0&HKePEVVD","]G-nlka&`OgX"
"user160","e876d009b137dfb34e310456687361d4e6e184247eb450abab66ecf3df17bb9b;~kn3FiDoa|[K","k#6d[{LRV7N|"
"user161","2d31dcdbabf48f61c0f0a57530f7f4d864055d4734aeddcc87549aeb21987caf;N%Br#cZs6Y~t","pM)&wL3gQ$JV"
"user162","2ec74747ad98be4968cbc84763fd4f8c573b958610565584dab7e7770b48251f;21OKqAuth11V","V![]Fb+fv4$o"
"user163","bcf39a034e69e350dd1864d39d7f97f424f505dd4260fb37a6018d047172c13b;z=DhrR$hFab0","zyB26RnXfdG}"
"user164","faf1d01353221ac2b620b361882a6d5b664d57c9d243859a1f7b43691ab00d2f;|*pI)~+Ir%IY","%S7RJsmAcN-#"
"user165","50acbe1981391cd86c4104e02e4b031799276efd8d9a791c3b97ea1ff9fe3006;h9Cka]CmcOCi","QObP*4\Ymwke"
"user166","208f9340c160b1f9d65c420967f0c99eb556722fab32f6c139d16e9f250af399;)%vM%Gfs$B#V","q~_0z1oPO)Hb"
"user167","84463bc7f7c47dd6580093f13e24a62c515795805c90c390f4cf22581aa5a261;6ZcXb[jrC}Cn","0qC@cyjY}(-g"
"user168","09212aeaafc5857aa61ca912b388b47c55b97f8e5f20830441e7c97f555a1985;seIH=\!2pam&","6DZE8(GweCX4"
"user169","9202b54477029a773872034861b0067cd1de3e714cfc1a24e9e1a03e121a6b74;hp(pyaf%4W]7","9VF3!-2\fKgL"
"user170","0a4b2d4a46f58e3561e5b41b2ccb60de7f65d4cbb826e4e15a14e6ba1a178070;9!+(^oOMf%Om","Z-QsDH)W2U[L"
"user171","15f4e54592fddd47c4c26cd8c9fae3db1e17c0c2af2d4fb06038cc5581b17350;]Kj}+ZELmFAQ","ikGN+-DTxyhJ"
"user172","a9ccbbc4acf6373e32f1e85edd4e935e75c00010ff18992d9552996f00136acc;kgR%tT\nV3@3","lS06#XbWRbZ#"
"user173","de0cc1905035833916eaf28b666802ec94db6e63da00aaf86e024fa21ab651e1;AAv$LKe2f{ly","&paR$e7ASfbS"
"user174","af9fe34843a783df1c1e209d9530cf6df45c9d4cb69b0372877084387b1cbd10;gB267xyo%]Ja","}or3WZWR`(YU"
"user175","fa4d0c12a5ef24fcc16b5959a9784a48520d39a3c2919c4a17a835defa940cdc;Lg#1gljQ*Rd#","Fk]sv9lz5Pg2"
"user176","e17995ff8cb75a1fe6954480efe6263cdf60b71762522d65f022312dd980ecd2;p)4qjaAD\d|t","$`7`SEE6\680"
"user177","1f22943f95c8507fd6145ce3b4aeeca4484d161ca17365fac7c958a85614e52d;{GwbFO{U@cB%","{}[oP]w|_ME*"
"user178","e8f8d8f65cc843bf257ca0d547ce1751ff5fadf7632d5cb2741e9ff2fa991ff6;on#A8wOAWjmz","NA)\W06^Rp^f"
"user179","49d33bd1e3f4ddea01f5aa29505139543159c297c6922bd21a4c50c429b7b345;x96]WpL15}&x","v_vCS*(i\7MS"
"user180","2ed612bd12d4cc7e18dcb9bb44fe2db6af7ee19fbcdbcaf1d77e0dd5739d2785;%L{aArNqGM-Z","m(`2!A)8Sydf"
"user181","202dd5b2b37820d08d13e69263a8a7c8010e6297eeeb5fe553ceaf61ba56a029;~S23eJi3M1H{","$=V3%@bta*Aj"
"user182","de36bd016b732ac3d3c00b6b1a3bc26614fd6c95f10b100ac201e955b0810de6;tpnbiRmTMqhd","Ib[I-#}HfiBd"
"user183","e7b5e28ae4d4bbb3063ff7f970ef7275e2165a9d649aeffa840b6b2d2e879c84;*`Yw^bwOJahS","sFTmgGiYq{fQ"
"user184","1c9cb287c4b077e579356cca1407ac8021f3ea1be4deb091ddb482b93eb30c7e;59a=j0Fi}RD#","$S--p(|8]wS&"
"user185","6fbbcece0fe1443a053f1b51e5a62db8899199b958d696aa55fee5eb9b503307;eR-HX|o-P5KG","ogOJS4lsX57D"
"user186","7f4d7bfbad1d852839ab485113ae26c8e0b47b5df420a765f6736bc4eefd0385;BNp%0zAbD)]e","DQRW-]LwGyhc"
"user187","0847c714ce670485fc7101a4c3221cf0653d3c1974c76e4588cbaf2b2de8465a;xVNVZ21*%}|{","E_TWtXF-Xa1V"
"user188","0acfbcf5c1c3a17bef0c2af2c6ee4055dd2c62b5d16b1d1f40fdf735e2971aa3;v(~QCn-k`]|G","i%wQngp*Ip0_"
"user189","092d35b2418e8fc5ed857593d9dba2b60ace58a1df61e640afbe1df8adfa85ce;a*oWEWy={E-r","P5$J6dRm-k#z"
"user190","4ff8b07f3b00e0651dedd93e6e5ed6b1f613e86ab85fe1250b613ef5a0539e64;0#gjTYvU]Lz_","4789\y1&8^qh"
"user191","1f50b98a5f4807a42a4fcdd757b091fb0a25d525695c8c79b8aeb0547b805ec7;Z|P[C]%^p7DL","olfuHg$y%{z&"
"user192","b6406ad5ae369ab79ba50d32c965c8c8b6d59884eed20362335cc553814e08e3;#1T7G]rGmXKP","P]*5TkX_U_lQ"
"user193","52c52b85eccd98c04367ff6780467fedbd37bf8dc511497a4a1b3fa0300a76f3;PXRs#hpUa@pW","0*n(XW3UfVr`"
"user194","bfd7a1bb7105d9ec7aa888360d4bdefe228a3e0c7cd0e2f409055c0e02622a41;O981wftT$e)`","l4$be_h4lRMG"
"user195","4593764a729c068959944076d331350b8100399a517671849d3da318ed41c112;NSt2qc3wToV!","7{^7t*Poci]@"
"user196","733b31f20a8bcf3fef9fdcaad6004aff40c2e56136abbf822fab3d05105db13f;[k}((Na`}Brv","$T)[W9NU~o7M"
"user197","d3d74ba498b6b0e18177186c83804daa677891db763905207019304689ca9124;D9+-c})_kx0#","NlTXChSP=N`n"
"user198","52a6ec2ae34e633d1002e25b2db62b6df816fea5238b4e3c2921cad5282d1ce5;t(cM3tRm}KFw","67iIA^%GA|KA"
"user199","44671fd03ac05e0fbd5d48f6ef12139cb5fbd92b4c4d54336ff14c3be2677ed1;9Yi}MwSVW7ZB","v47st!CjBK6C"
"user200","c83a07aedb5139ddd1bc58a51e3ee853355a78cd5c03a673f5cb99a8494ce0e0;$[F1OcFr5RG@","2nH{}o=EW0o&"
